{
    "H": 89.88,
    "He": 178.60000000000002,
    "Li": 534.0,
    "Be": 1850.0,
    "B": 2080.0,
    "C": 1821.0,
    "N": 1251.0,
    "O": 1429.0,
    "F": 1696.0,
    "Ne": 900.2,
    "Na": 968.0,
    "Mg": 1738.0,
    "Al": 2700.0,
    "Si": 2329.0,
    "P": 1823.0,
    "S": 2070.0,
    "Cl": 3200.0,
    "Ar": 1784.0,
    "K": 862.0,
    "Ca": 1550.0,
    "Sc": 2985.0,
    "Ti": 4506.0,
    "V": 6000,
    "Cr": 7190.0,
    "Mn": 7210.0,
    "Fe": 7874.0,
    "Co": 8900.0,
    "Ni": 8908.0,
    "Cu": 8960.0,
    "Zn": 7140.0,
    "Ga": 5910.0,
    "Ge": 5323.0,
    "As": 5727.0,
    "Se": 4810.0,
    "Br": 3102.7999999999997,
    "Kr": 3749.0,
    "Rb": 1532.0,
    "Sr": 2640.0,
    "Y": 4472.0,
    "Zr": 6520.0,
    "Nb": 8570.0,
    "Mo": 10280.0,
    "Tc": 11000,
    "Ru": 12450.0,
    "Rh": 12410.0,
    "Pd": 12023.0,
    "Ag": 10490.0,
    "Cd": 8650.0,
    "In": 7310.0,
    "Sn": 7365.0,
    "Sb": 6697.0,
    "Te": 6240.0,
    "I": 4933.0,
    "Xe": 5894.0,
    "Cs": 1930.0,
    "Ba": 3510.0,
    "La": 6162.0,
    "Ce": 6770.0,
    "Pr": 6770.0,
    "Nd": 7010.0,
    "Pm": 7260.0,
    "Sm": 7520.0,
    "Eu": 5264.0,
    "Gd": 7900.0,
    "Tb": 8230.0,
    "Dy": 8540.0,
    "Ho": 8790.0,
    "Er": 9066.0,
    "Tm": 9320.0,
    "Yb": 6900.0,
    "Lu": 9841.0,
    "Hf": 13310.0,
    "Ta": 16690.0,
    "W": 19250.0,
    "Re": 21020.0,
    "Os": 22590.0,
    "Ir": 22560.0,
    "Pt": 21450.0,
    "Au": 19300.0,
    "Hg": 13534.0,
    "Tl": 11850.0,
    "Pb": 11340.0,
    "Bi": 9780.0,
    "Po": 9196.0,
    "At": 6350.0,
    "Rn": 9730.0,
    "Fr": 1870.0,
    "Ra": 5500.0,
    "Ac": 10000,
    "Th": 11724.0,
    "Pa": 15370.0,
    "U": 19100.0,
    "Np": 20450.0,
    "Pu": 19816.0,
    "Am": 12000,
    "Cm": 13510.0,
    "Bk": 14780.0,
    "Cf": 15100.0,
    "Es": 8840.0,
    "Rf": 23200.0,
    "Db": 29300.0,
    "Sg": 35000,
    "Bh": 37100.0,
    "Hs": 40700.0,
    "Mt": 37400.0,
    "Ds": 34800.0,
    "Rg": 28700.0,
    "Cn": 14000.0,
    "Nh": 16000,
    "Fl": 14000,
    "Mc": 13500.0,
    "Lv": 12900.0,
    "Ts": 7170.0,
    "Og": 4950.0,
    "Uue": 3000
}